season,week,game_id,home_team,away_team,fav_home,spread,Spread Pick,Odds,Pick Home?,Pick Result
2023-24,2,2,Falcons,Packers,1,-1.5,Falcons,-110,1,0
2023-24,2,4,Lions,Seahawks,1,-4.5,Seahawks,-110,0,1
2023-24,2,6,Titans,Chargers,0,3,Titans,-110,1,1
2023-24,2,7,Colts,Texans,0,1.5,Colts,-110,1,1
2023-24,2,11,Cardinals,Giants,0,4.5,Cardinals,-110,1,1
2023-24,2,12,Cowboys,Jets,1,-9.5,Cowboys,-110,1,1
2023-24,2,14,Patriots,Dolphins,0,3,Patriots,-110,1,0
2023-24,3,1,49ers,Giants,1,-10.5,Giants,-110,0,0
2023-24,3,2,Browns,Titans,1,-3.5,Browns,-110,1,1
2023-24,3,4,Jets,Patriots,0,2.5,Jets,-110,1,0
2023-24,3,6,Jaguars,Texans,1,-8.5,Texans,-110,0,1
2023-24,3,7,Ravens,Colts,1,-8.5,Ravens,-110,1,0
2023-24,3,14,Raiders,Steelers,1,-2.5,Steelers,-110,0,1
2023-24,3,16,Bengals,Rams,1,-1.5,Rams,-110,0,0
2023-24,4,1,Packers,Lions,0,1.5,Lions,-110,0,1
2023-24,4,3,Bills,Dolphins,1,-3,Bills,-110,1,1
2023-24,4,4,Texans,Steelers,0,3,Texans,-110,1,1
2023-24,4,5,Colts,Rams,1,-1.5,Rams,-110,0,1
2023-24,4,6,Panthers,Vikings,0,4,Panthers,-110,1,0
2023-24,4,11,Titans,Bengals,0,2.5,Titans,-110,1,1
2023-24,4,12,Chargers,Raiders,1,-5.5,Chargers,-110,1,1
2023-24,5,4,Colts,Titans,0,2.5,Colts,-110,1,1
2023-24,5,5,Patriots,Saints,0,1,Patriots,-110,1,0
2023-24,5,6,Steelers,Ravens,0,4.5,Ravens,-110,0,0
2023-24,5,7,Falcons,Texans,1,-1.5,Texans,-110,0,0
2023-24,5,9,Cardinals,Bengals,0,3,Cardinals,-110,1,0
2023-24,5,12,Broncos,Jets,1,-2,Jets,-110,0,1
2023-24,5,13,49ers,Cowboys,1,-3.5,49ers,-110,1,1
2023-24,5,14,Raiders,Packers,1,-1.5,Packers,-110,0,0
2023-24,6,1,Chiefs,Broncos,1,-10.5,Chiefs,-110,1,1
2023-24,6,2,Titans,Ravens,0,4,Ravens,-110,0,1
2023-24,6,4,Falcons,Commanders,1,-2.5,Commanders,-110,0,1
2023-24,6,5,Dolphins,Panthers,1,-13.5,Dolphins,-110,1,1
2023-24,6,10,Raiders,Patriots,1,-2.5,Patriots,-110,0,0
2023-24,6,11,Buccaneers,Lions,0,3,Lions,-110,0,1
2023-24,6,14,Bills,Giants,1,-14.5,Bills,-110,1,0
2023-24,7,3,Giants,Commanders,0,3,Giants,-110,1,1
2023-24,7,4,Colts,Browns,0,3,Colts,-110,1,1
2023-24,7,5,Ravens,Lions,1,-3,Ravens,-110,1,1
2023-24,7,10,Broncos,Packers,0,1.5,Broncos,-110,1,1
2023-24,7,11,Chiefs,Chargers,1,-5.5,Chiefs,-110,1,1
2023-24,7,12,Eagles,Dolphins,1,-2.5,Eagles,-110,1,1
2023-24,7,13,Vikings,49ers,0,6.5,49ers,-110,0,0
2023-24,8,5,Panthers,Texans,0,3.5,Panthers,-110,1,1
2023-24,8,7,Giants,Jets,0,3,Giants,-110,1,0.5
2023-24,8,8,Dolphins,Patriots,1,-9.5,Patriots,-110,0,0
2023-24,8,9,Titans,Falcons,0,2.5,Titans,-110,1,1
2023-24,8,13,Cardinals,Ravens,0,9.5,Cardinals,-110,1,1
2023-24,8,16,Lions,Raiders,1,-7.5,Lions,-110,1,1
2023-24,9,2,Chiefs,Dolphins,1,-1.5,Chiefs,-110,1,1
2023-24,9,4,Texans,Buccaneers,1,-3,Buccaneers,-110,0,1
2023-24,9,9,Ravens,Seahawks,1,-5.5,Ravens,-110,1,1
2023-24,9,10,Panthers,Colts,0,2.5,Panthers,-110,1,0
2023-24,9,11,Eagles,Cowboys,1,-3,Eagles,-110,1,1
2023-24,9,13,Bengals,Bills,1,-1.5,Bengals,-110,1,1
2023-24,10,1,Bears,Panthers,1,-3,Panthers,-110,0,0.5
2023-24,10,3,Jaguars,49ers,0,3,49ers,-110,0,1
2023-24,10,10,Chargers,Lions,0,3,Lions,-110,0,0.5
2023-24,10,11,Cowboys,Giants,1,-17.5,Giants,-110,0,0
2023-24,10,12,Seahawks,Commanders,1,-6.5,Commanders,-110,0,1
2023-24,10,14,Broncos,Bills,0,7,Broncos,-110,1,1
2023-24,11,1,Ravens,Bengals,1,-3.5,Ravens,-110,1,1
2023-24,11,2,Packers,Chargers,0,3,Packers,-110,1,1
2023-24,11,6,Texans,Cardinals,1,-5.5,Texans,-110,1,0
2023-24,11,13,Broncos,Vikings,1,-2.5,Broncos,-110,1,0
2023-24,11,14,Chiefs,Eagles,1,-2.5,Chiefs,-110,1,0
2023-24,12,1,Lions,Packers,1,-7.5,Lions,-110,1,0
2023-24,12,3,Seahawks,49ers,0,7,Seahawks,-110,1,0
2023-24,12,4,Jets,Dolphins,0,9.5,Jets,-110,1,0
2023-24,12,7,Panthers,Titans,0,3.5,Panthers,-110,1,0
2023-24,12,11,Cardinals,Rams,0,2.5,Cardinals,-110,1,0
2023-24,12,12,Broncos,Browns,1,-1.5,Broncos,-110,1,1
2023-24,12,14,Eagles,Bills,1,-3,Eagles,-110,1,0.5
2023-24,12,15,Chargers,Ravens,0,3,Ravens,-110,0,1
2023-24,13,1,Cowboys,Seahawks,1,-8.5,Cowboys,-110,1,0
2023-24,13,3,Steelers,Cardinals,1,-5.5,Steelers,-110,1,0
2023-24,13,4,Texans,Broncos,1,-3.5,Texans,-110,1,1
2023-24,13,8,Commanders,Dolphins,0,9.5,Commanders,-110,1,0
2023-25,13,10,Eagles,49ers,0,2.5,49ers,-110,0,1
2023-24,13,11,Rams,Browns,1,-3.5,Rams,-110,1,1
2023-24,14,1,Steelers,Patriots,1,-6,Patriots,-110,0,1
2023-24,14,3,Saints,Panthers,1,-5.5,Panthers,-110,0,0
2023-24,14,6,Falcons,Buccaneers,1,-2.5,Falcons,-110,1,0
2023-24,14,10,Raiders,Vikings,0,3,Raiders,-110,1,0.5
2023-24,14,11,Chargers,Broncos,1,-2.5,Chargers,-110,1,0
2023-24,14,12,Chiefs,Bills,1,-1.5,Chiefs,-110,1,0
2023-24,14,13,Cowboys,Eagles,1,-3.5,Cowboys,-110,1,1
2023-24,14,14,Dolphins,Titans,1,-13.5,Titans,-110,0,1
2023-24,14,15,Giants,Packers,0,6.5,Giants,-110,1,1
2023-24,15,6,Panthers,Falcons,0,3,Panthers,-110,1,1
2023-24,15,9,Browns,Bears,1,-3,Browns,-110,1,0.5
2023-25,15,10,Patriots,Chiefs,0,8.5,Patriots,-110,1,0
2023-24,15,12,Cardinals,49ers,0,12.5,Cardinals,-110,1,0
2023-24,15,13,Bills,Cowboys,1,-1.5,Bills,-110,1,1
2023-24,15,14,Jaguars,Ravens,0,3.5,Ravens,-110,0,1
2023-24,15,15,Seahawks,Eagles,0,3.5,Seahawks,-110,1,1
2023-24,16,1,Rams,Saints,1,-4.5,Rams,-110,1,1
2023-24,16,6,Texans,Browns,0,1.5,Texans,-110,1,0
2023-24,16,9,Titans,Seahawks,0,1.5,Titans,-110,1,0.5
2023-24,16,12,Dolphins,Cowboys,1,-1.5,Dolphins,-110,1,1
2023-24,16,14,Chiefs,Raiders,1,-10.5,Chiefs,-110,1,0
2023-24,16,16,49ers,Ravens,1,-6,49ers,-110,1,0
2023-24,17,1,Browns,Jets,1,-7.5,Browns,-110,1,1
2023-24,17,2,Cowboys,Lions,1,-4.5,Cowboys,-110,1,0
2023-24,17,3,Ravens,Dolphins,1,-3.5,Ravens,-110,1,1
2023-24,17,4,Texans,Titans,1,-4.5,Titans,-110,0,0
2023-24,17,5,Giants,Rams,0,4.5,Giants,-110,1,1
2023-24,17,6,Commanders,49ers,0,12.5,Commanders,-110,1,0
2023-24,17,7,Eagles,Cardinals,1,-11.5,Eagles,-110,1,0
2024-25,2,1,Dolphins,Bills,1,-2.5,Dolphins,-110,1,0
2024-25,2,3,Lions,Buccaneers,1,-7,Lions,-110,1,0
2024-25,2,4,Jaguars,Browns,1,-3.5,Browns,-110,0,1
2024-25,2,6,Panthers,Chargers,0,6.5,Panthers,-110,1,0
2024-25,2,10,Titans,Jets,0,3.5,Titans,-110,1,0
2024-25,3,2,Browns,Giants,1,-6.5,Giants,-110,0,1
2024-25,3,4,Vikings,Texans,0,2.5,Texans,-110,0,0
2024-25,3,5,Saints,Eagles,1,-2.5,Saints,-110,1,0
2024-25,3,7,Buccaneers,Broncos,1,-6.5,Broncos,-110,0,1
2024-25,3,12,Cowboys,Ravens,0,1.5,Ravens,-110,0,1
2024-25,3,15,Bills,Jaguars,1,-4.5,Bills,-110,1,1
2024-25,3,16,Bengals,Commanders,1,-7.5,Commanders,-110,0,1
2024-25,4,1,Giants,Cowboys,0,5.5,Giants,-110,1,1
2024-25,4,2,Panthers,Bengals,0,4.5,Bengals,-110,0,1
2024-25,4,3,Jets,Broncos,1,-7.5,Broncos,-110,0,1
2024-25,4,4,Falcons,Saints,1,-1.5,Falcons,-110,1,1
2024-25,4,5,Packers,Vikings,1,-2.5,Packers,-110,1,0
2024-25,4,6,Texans,Jaguars,1,-6.5,Jaguars,-110,0,1
2024-25,4,7,Colts,Steelers,0,1.5,Colts,-110,1,1
2024-25,5,1,Falcons,Buccaneers,1,-1.5,Falcons,-110,1,1
2024-25,5,3,Bengals,Ravens,0,2.5,Ravens,-110,0,1
2024-25,5,4,Bears,Panthers,1,-3.5,Panthers,-110,0,0
2024-25,5,5,Texans,Bills,0,1.5,Bills,-110,0,0
2024-25,5,14,Chiefs,Saints,1,-5.5,Chiefs,-110,1,1
2024-25,6,1,Seahawks,49Ers,0,3.5,49Ers,-110,0,1
2024-25,6,3,Ravens,Commanders,1,-6.5,Ravens,-110,1,1
2024-25,6,5,Eagles,Browns,1,-9.5,Browns,-110,0,1
2024-25,6,7,Patriots,Texans,0,7,Patriots,-110,1,0
2024-25,6,8,Packers,Cardinals,1,-4.5,Packers,-110,1,1
2024-25,6,10,Raiders,Steelers,0,3,Raiders,-110,1,0
2024-25,7,1,Saints,Broncos,0,2.5,Broncos,-110,0,1
2024-25,7,6,Falcons,Seahawks,1,-3,Falcons,-110,1,0
2024-25,7,7,Packers,Texans,1,-2.5,Packers,-110,1,0
2024-25,7,9,Colts,Dolphins,1,-3,Dolphins,-110,0,0
2024-25,7,12,49Ers,Chiefs,1,-1.5,49Ers,-110,1,0
2024-25,7,14,Buccaneers,Ravens,0,3.5,Ravens,-110,0,1
2024-25,7,14,Cardinals,Chargers,0,2.5,Cardinals,-110,1,1
2024-25,8,3,Patriots,Jets,0,7,Patriots,-110,1,1
2024-25,8,9,Lions,Titans,1,-11.5,Titans,-110,0,0
2024-25,8,11,Seahawks,Bills,0,3,Bills,-110,0,1
2024-25,8,14,Raiders,Chiefs,0,9.5,Raiders,-110,1,1
2024-25,8,16,Steelers,Giants,1,-6.5,Giants,-110,0,0
2024-25,9,8,Falcons,Cowboys,1,-2.5,Falcons,-110,1,1
2024-25,9,10,Cardinals,Bears,1,-1.5,Cardinals,-110,1,1
2024-25,9,12,Seahawks,Rams,0,1.5,Rams,-110,0,1
2024-25,9,15,Chiefs,Buccaneers,1,-8.5,Chiefs,-110,1,0
2024-25,10,1,Ravens,Bengals,1,-5.5,Ravens,-110,1,0
2024-25,10,3,Bears,Patriots,1,-6.5,Patriots,-110,0,1
2024-25,10,9,Commanders,Steelers,1,-2.5,Commanders,-110,1,0
2024-25,11,1,Eagles,Commanders,1,-3.5,Eagles,-110,1,1
2024-25,11,3,Bears,Packers,0,5.5,Packers,-110,0,0
2024-25,11,6,Titans,Vikings,0,5.5,Titans,-110,1,0
2024-25,11,10,49Ers,Seahawks,1,-6.5,49Ers,-110,1,0
2024-25,11,11,Broncos,Falcons,1,-2.5,Falcons,-110,0,0
2024-25,12,1,Browns,Steelers,0,3.5,Browns,-110,1,1
2024-25,12,9,Raiders,Broncos,0,6.5,Raiders,-110,1,0
2024-25,12,11,Seahawks,Cardinals,0,1.5,Cardinals,-110,0,0
2024-25,12,12,Rams,Eagles,0,2.5,Rams,-110,1,0
2024-25,12,13,Chargers,Ravens,0,3,Ravens,-110,0,1
2024-25,13,1,Lions,Bears,1,-9.5,Lions,-110,1,0
2024-25,13,2,Cowboys,Giants,1,-3.5,Giants,-110,0,0
2024-25,13,6,Patriots,Colts,0,2.5,Patriots,-110,1,1
2024-25,13,9,Bengals,Steelers,1,-2.5,Bengals,-110,1,0
2024-25,13,14,Ravens,Eagles,1,-3,Ravens,-110,1,0
2024-25,13,15,Bills,49Ers,1,-6.5,Bills,-110,1,1
2024-25,14,1,Lions,Packers,1,-3.5,Lions,-110,1,0
2024-25,14,2,Buccaneers,Raiders,1,-6.5,Buccaneers,-110,1,1
2024-25,14,9,Cardinals,Seahawks,1,-2.5,Seahawks,-110,0,1
2024-25,14,11,Rams,Bills,0,3.5,Bills,-110,0,0
2024-25,14,13,Cowboys,Bengals,0,5.5,Bengals,-110,0,1
2024-25,15,3,Titans,Bengals,0,4.5,Bengals,-110,0,1
2024-25,15,5,Browns,Chiefs,0,4.5,Browns,-110,1,0
2024-25,15,13,Eagles,Steelers,1,-5.5,Eagles,-110,1,1
2024-25,16,3,Ravens,Steelers,1,-6.5,Ravens,-110,1,1
2024-25,16,9,Bears,Lions,0,6.5,Lions,-110,0,1
2024-25,16,14,Raiders,Jaguars,1,-1.5,Jaguars,-110,0,0
2024-25,16,15,Cowboys,Buccaneers,0,3.5,Buccaneers,-110,0,0
2024-25,17,2,Texans,Ravens,0,5.5,Ravens,-110,0,1
2024-25,17,5,Bengals,Broncos,1,-3,Bengals,-110,1,1
2024-25,17,6,Rams,Cardinals,1,-6.5,Cardinals,-110,0,1
2024-25,17,10,Jets,Bills,0,8.5,Bills,-110,0,1
2025-26,2,5,Ravens,Browns,1,-11.5,Browns,-101,0,0
2025-26,2,8,Lions,Bears,1,-6.5,Bears,-111,0,0
2025-26,2,12,Chiefs,Eagles,0,1.5,Eagles,104,0,1
2025-26,2,13,Vikings,Falcons,1,-3.5,Falcons,-118,0,1
2025-26,2,14,Texans,Buccaneers,1,-2.5,Buccaneers,101,0,1
2025-26,2,15,Raiders,Chargers,0,3.5,Raiders,-116,1,0
2025-26,3,1,Bills,Dolphins,1,-11.5,Bills,101,1,0
2025-26,3,4,Buccaneers,Jets,1,-6.5,Buccaneers,101,1,0
2025-26,3,7,Titans,Colts,0,4.5,Colts,-101,0,1
2025-26,3,9,Panthers,Falcons,0,4.5,Panthers,100,1,1
2025-26,3,13,Bears,Cowboys,0,1.5,Cowboys,108,0,0
2025-26,3,14,Giants,Chiefs,0,6.5,Giants,-114,1,0
2025-26,4,1,Steelers,Vikings,0,2.5,Steelers,100,1,1
2025-26,4,2,Falcons,Commanders,0,1.5,Commanders,110,0,0
2025-26,4,4,Lions,Browns,1,-10.5,Lions,107,1,1
2025-26,4,5,Texans,Titans,1,-7.5,Titans,-116,0,0
2025-26,4,15,Broncos,Bengals,1,-7.5,Broncos,104,1,1
2025-26,5,1,Browns,Vikings,0,3.5,Browns,-105,1,0
2025-26,5,3,Panthers,Dolphins,0,1.5,Panthers,-109,1,1
2025-26,5,5,Saints,Giants,1,-2.5,Giants,-114,0,0
2025-26,5,7,Colts,Raiders,1,-6.5,Colts,-117,1,1
2025-26,5,8,Cardinals,Titans,1,-7.5,Cardinals,-105,1,0
2025-26,5,9,Seahawks,Buccaneers,1,-3.5,Seahawks,100,1,0
2025-26,6,2,Jaguars,Seahawks,1,-1.5,Seahawks,-118,0,1
2025-26,6,4,Colts,Cardinals,1,-7.5,Colts,-104,1,0
2025-26,6,6,Steelers,Browns,1,-5.5,Steelers,-114,1,1
2025-26,6,12,Chiefs,Lions,1,-2.5,Lions,-110,0,0
2025-26,7,1,Bengals,Steelers,0,5.5,Steelers,104,0,0
2025-26,7,3,Browns,Dolphins,1,-2.5,Dolphins,104,0,0
2025-26,7,8,Broncos,Giants,1,-7.5,Broncos,113,1,0
2025-26,7,9,Chargers,Colts,1,-1.5,Colts,102,0,1
2025-26,8,1,Chargers,Vikings,1,-3.5,Vikings,-111,0,0
2025-26,8,2,Ravens,Bears,1,-6.5,Bears,-104,0,0
2025-26,8,3,Bengals,Jets,1,-6.5,Jets,-113,0,1
2025-26,8,5,Texans,49ers,1,-2.5,Texans,-104,1,1
2025-26,8,6,Patriots,Browns,1,-6.5,Patriots,-118,1,1
2025-26,9,1,Texans,Broncos,1,-2.5,Broncos,-110,0,1
2025-26,9,3,Patriots,Falcons,1,-5.5,Patriots,100,1,0
2025-26,9,5,Steelers,Colts,0,3.5,Colts,115,0,0
2025-26,9,11,Bills,Chiefs,0,1.5,Bills,102,1,1
2025-26,10,2,Buccaneers,Patriots,1,-2.5,Patriots,105,0,1
2025-26,10,4,Bears,Giants,1,-5.5,Giants,-113,0,1
2025-26,10,6,Dolphins,Bills,0,9.5,Bills,102,0,0
2025-26,10,7,Vikings,Ravens,0,4.5,Vikings,-111,1,0
2025-26,10,12,Chargers,Steelers,1,-2.5,Chargers,-118,1,1
2025-26,11,1,Dolphins,Commanders,1,-2.5,Commanders,105,0,0
2025-26,11,4,Steelers,Bengals,1,-5.5,Steelers,-104,1,1
2025-26,11,6,Bills,Buccaneers,1,-5.5,Bills,-108,1,1
2025-26,11,7,Jaguars,Chargers,0,2.5,Chargers,-118,0,0
2025-26,11,14,Raiders,Cowboys,0,3.5,Cowboys,102,0,1
2025-26,12,1,Texans,Bills,0,5.5,Texans,102,1,1
2025-26,12,1,Packers,Vikings,1,-6.5,Packers,-104,1,1
2025-26,12,2,Bears,Steelers,1,-2.5,Bears,-107,1,1
2025-26,12,5,Ravens,Jets,1,-13.5,Jets,102,0,1
2025-26,12,12,Rams,Buccaneers,1,-7.5,Rams,111,1,1
2025-26,13,9,Dolphins,Saints,1,-5.5,Saints,-106,0,1
2025-26,13,15,Commanders,Broncos,0,5.5,Commanders,-101,1,1
2025-26,13,16,Patriots,Giants,1,-7.5,Patriots,111,1,1
2025-26,14,4,Jaguars,Colts,0,1.5,Colts,-107,0,0
2025-26,14,6,Falcons,Seahawks,0,6.5,Falcons,104,1,0
2025-26,14,7,Browns,Titans,1,-3.5,Browns,-109,1,0
2025-26,14,8,Bills,Bengals,1,-5.5,Bills,-109,1,0
2025-26,15,2,Giants,Commanders,1,-2.5,Giants,-113,1,0
2025-26,15,4,Bears,Browns,1,-7.5,Browns,-106,0,0
2025-26,15,5,Chiefs,Chargers,1,-5.5,Chiefs,-111,1,0
2025-26,15,10,Saints,Panthers,0,2.5,Panthers,-112,0,0
2025-26,15,15,Steelers,Dolphins,1,-3.5,Steelers,112,1,1
2025-26,16,2,Bears,Packers,1,-1.5,Packers,-100,0,0
2025-26,16,3,Dolphins,Bengals,0,4.5,Dolphins,-111,1,0
2025-26,16,14,Ravens,Patriots,1,-2.5,Patriots,117,0,1
2025-26,17,4,Chargers,Texans,1,-1.5,Chargers,-105,1,0
2025-26,17,14,Bills,Eagles,1,-1.5,Bills,102,1,0
2025-26,17,15,49ers,Bears,1,-3.5,Bears,-115,0,0
2025-26,17,16,Falcons,Rams,0,8.5,Falcons,-110,1,1